{"version": 1, "materials": [{"name": "Alpha_Body_MAT", "baseColorFactor": [0.09657000750303268, 0.42161980271339417, 0.5220000147819519], "metallicFactor": 0.0, "roughnessFactor": 0.5527864098548889, "emissiveFactor": [0.0, 0.0, 0.0], "occlusionStrength": 1.0, "alpha": 1.0, "transmissionFactor": 0.0, "ior": 1.5, "unlit": false, "normalScale": 1.0}, {"name": "Alpha_Joints_MAT", "baseColorFactor": [0.15355153381824493, 0.21289387345314026, 0.2222171425819397], "metallicFactor": 0.5, "roughnessFactor": 0.5527864098548889, "emissiveFactor": [0.0, 0.0, 0.0], "occlusionStrength": 1.0, "alpha": 1.0, "transmissionFactor": 0.0, "ior": 1.5, "unlit": false, "normalScale": 1.0}]}